,0,1
0,개포고교,0
1,양지사거리,1
2,미래초교,2
3,한스타워,3
4,화곡고가사거리,4
5,효창공원앞역,5
6,화계유치원,6
7,영등포시장,7
8,방화초교,8
9,공릉역,9
10,동묘앞역,10
11,올림픽대교남단,11
12,화계사입구,12
13,구로남초교입구,13
14,서울강서대학교입구,14
15,서울대입구,15
16,송중동주민센터,16
17,북한남삼거리,17
18,정릉터널동측(내부순환로),18
19,미양초교,19
20,성수역,20
21,구남초교,21
22,정릉3동주민센터앞,22
23,경복궁교차로,23
24,육영학교입구,24
25,신정교동단,25
26,이화여대부속고교,26
27,중랑경찰서,27
28,상암삼거리,28
29,국회의사당역,29
30,월드컵경기장삼거리,30
31,개화교,31
32,석촌호수,32
33,이문고가차도(북측),33
34,구역삼세무서,34
35,여의2교,35
36,온수역,36
37,상계중앙시장,37
38,목운초교,38
39,명덕초교,39
40,안양천로_염창IC,40
41,경서농협개봉역지점,41
42,제기동한신아파트,42
43,신월지하차도,43
44,청년창업플러스센터,44
45,신곡시장,45
46,6번국도 서울강서-경기부천 경계,46
47,장승배기,47
48,목일중학교앞,48
49,성락빌딩앞,49
50,암사역입구,50
51,조흥은행전농동지점,51
52,암사IC(북측),52
53,상원초교,53
54,양천경찰서,54
55,양남사거리,55
56,원당초교입구,56
57,도림펌프장앞,57
58,독산사거리,58
59,잠실대교남단,59
60,성동문화원앞,60
61,월계라이프아파트,61
62,광화문,62
63,목동청학스포츠타운,63
64,역삼역,64
65,근로자회관,65
66,강일IC동측(올림픽대로),66
67,여의도선착장,67
68,영등포로타리,68
69,은평뉴타운10단지,69
70,홍대입구역,70
71,당산초교,71
72,올림픽대로동부간선JC,72
73,서울문화고교,73
74,경기여고앞,74
75,서울대입구역,75
76,잠실철교북단,76
77,송파중교,77
78,우이동,78
79,국회북문,79
80,가든파이브툴동,80
81,올림픽대교북단교차로,81
82,DMC 이안상암1단지,82
83,서울고교,83
84,반포고가차도,84
85,오금동사거리,85
86,이화약국,86
87,목동청소년수련관,87
88,구기터널동측,88
89,당고개길남양주시계,89
90,당고개역,90
91,서울출입국관리사무소,91
92,도림교,92
93,연희교차로,93
94,신이문역,94
95,아리랑고개입구,95
96,창동교,96
97,상봉시장앞,97
98,소리공원,98
99,홍은사거리,99
100,녹천중교,100
101,당현초교(동부간선도로),101
102,SC제일은행,102
103,민마루고개,103
104,회기역(2번출구),104
105,강일동입구,105
106,디지털미디어시티역,106
107,당산중교앞,107
108,외국어대,108
109,노들역,109
110,정릉램프(내부순환로본선),110
111,영동2교교차로,111
112,문래공원,112
113,북악산로입구,113
114,효성인텔리안,114
115,월계1교서측,115
116,강북구청,116
117,트럭터미널앞,117
118,영등포경찰서,118
119,여의하류IC,119
120,월릉교동측,120
121,도원삼성래미안아파트,121
122,안암2교,122
123,신의쉐르빌,123
124,행당중학교,124
125,반포IC북측경부고속진입,125
126,화랑대사거리,126
127,홍연2교서측,127
128,삼전사거리,128
129,수명파크3단지,129
130,송파사거리,130
131,뚝섬정수장앞,131
132,창4동주민센터,132
133,숭례문,133
134,마포대교북단,134
135,답십리초교,135
136,도로교통공단,136
137,상도역,137
138,영동대교남단교차로,138
139,면목역,139
140,구로초교,140
141,양재IC남측(경부선부산방향합류),141
142,영동대교북단고가차도,142
143,두산대림아파트,143
144,홈플러스목동점,144
145,외환은행군자지점앞,145
146,월곡역,146
147,신답역,147
148,대륭포스트타워5차,148
149,신용산초교,149
150,둔촌동역,150
151,탄천1교동측,151
152,로마교황청대사관,152
153,오륜사거리,153
154,동곡삼거리,154
155,한양대부속고등학교,155
156,경남아파트앞,156
157,일원역,157
158,화곡로입구,158
159,목동13단지,159
160,신수중학교,160
161,오금공원,161
162,광희동사거리,162
163,도봉산역,163
164,당산현대아파트,164
165,방이사거리,165
166,올림픽대교북단,166
167,신묵초교,167
168,잠원IC북측,168
169,구로소방서,169
170,구로1교,170
171,한일병원,171
172,성동교남단,172
173,홍은램프(내부순환도로),173
174,수서IC,174
175,긴고랑종점,175
176,잠실3사거리,176
177,남부법원검찰청,177
178,수정아파트입구,178
179,동작역,179
180,경찰청앞,180
181,여의도공원앞,181
182,방배고개,182
183,여의교,183
184,천호사거리,184
185,겸재삼거리,185
186,방학사거리,186
187,반포3동주민센터,187
188,중화중학교,188
189,원효로현대자동차서비스,189
190,주공6단지,190
191,동평화시장,191
192,탄천IC진출(동부간선도로),192
193,신정빗물펌프장,193
194,홍남교남측,194
195,홍은램프진입(내부순환로),195
196,목운중학교,196
197,마장역,197
198,길음역,198
199,마곡나루역,199
200,강동구청역,200
201,난향초교,201
202,성락주유소앞,202
203,서빙고역,203
204,동대문세무서,204
205,신트리공원앞,205
206,잠원IC,206
207,미아사거리,207
208,종로3가,208
209,KT정보전산센터,209
210,조원동주민센터앞,210
211,신길광장공원앞,211
212,회기역앞,212
213,역말사거리,213
214,잠실대교남단교차로,214
215,연가교(동측),215
216,우장공원입구교차로,216
217,정릉4동주민센터,217
218,선암IC양재대로진출,218
219,부일로부천시계,219
220,서초터널입구부,220
221,망우리고개(서울-구리시계),221
222,사근삼거리,222
223,동1로지하차도,223
224,새절역,224
225,북한산성입구,225
226,숭곡초교,226
227,서울역,227
228,시립서북병원,228
229,화곡로부천시계,229
230,선암IC,230
231,역촌사거리,231
232,수궁동주민센터,232
233,덕성여대기숙사,233
234,구수동사거리,234
235,영희초교,235
236,서울과학기술대입구,236
237,공항동천주교회앞,237
238,부암동주민센터,238
239,한국산업기술협회,239
240,도림청구아파트,240
241,성수사거리,241
242,잠사회관앞,242
243,신이문역앞,243
244,국악고교앞,244
245,강변유원아파트,245
246,교남파출소,246
247,중평초교,247
248,공릉초교,248
249,서강대교남단,249
250,고촌IC(남측),250
251,동성아파트앞,251
252,중계근린공원,252
253,영등포경남아파트,253
254,대지초교,254
255,목동역,255
256,우장산공원입구,256
257,행현초등학교,257
258,신월초교입구,258
259,은평병원,259
260,삼성교서측,260
261,은천삼거리,261
262,혜화동로터리,262
263,세종아파트앞,263
264,남산2호터널북단,264
265,창의문앞,265
266,아현초등학교,266
267,잠실대교북단,267
268,종합운동장후문,268
269,영동대교북단,269
270,양재전화국,270
271,잠실주공2단지,271
272,종암SK아파트,272
273,모래내지하차도(남측),273
274,DMC파크뷰APT,274
275,서울과학기술대,275
276,안국역,276
277,중화역,277
278,상암초교,278
279,동호대교북단,279
280,고덕소방파출소,280
281,성수대교북단교차로,281
282,신금호역,282
283,대림동우성아파트,283
284,신월IC서측(경인고속인천방향합류),284
285,대우드림타운,285
286,용산2가동주민센터,286
287,신당역,287
288,상계6.7동주민센터,288
289,북가좌사거리,289
290,이촌역앞,290
291,중원초교앞,291
292,철산리버빌주공아파트,292
293,성산램프(내부순환로),293
294,장지교,294
295,동아일보하단,295
296,포이사거리,296
297,성내초교,297
298,보문사입구,298
299,성산대교북단,299
300,마천사거리,300
301,성공회대입구,301
302,서울용암초등학교,302
303,영동1교남단,303
304,뚝도시장,304
305,강서초교,305
306,대광중고교,306
307,목동12단지,307
308,삼일교,308
309,장안중학교,309
310,서울역광장,310
311,금호빌딩,311
312,남구로역,312
313,상일주공5단지,313
314,수정빌라,314
315,사근램프앞,315
316,석관고교,316
317,수서IC(동부간선도로),317
318,강남수도사업소,318
319,신정6동주민센터,319
320,신사동고개사거리,320
321,디지털미디어시티앞,321
322,응암역,322
323,창일중학교,323
324,문정동현대아파트,324
325,여의도한양아파트앞,325
326,청운초등학교앞,326
327,목동5단지상가,327
328,시계(천호대로),328
329,서울신용평가정보,329
330,월계1교동측,330
331,한양대병원,331
332,서울숲푸르지오아파트,332
333,역마라거리,333
334,중곡사거리,334
335,마포소방서,335
336,응암오거리,336
337,후암삼거리,337
338,세검정,338
339,목마공원,339
340,서강대교북단,340
341,버티고개삼거리,341
342,공덕오거리,342
343,북부여성발전센터,343
344,은평터널(남측),344
345,서울시의회,345
346,증산3교,346
347,하계지하보차도,347
348,대륭테크노타운,348
349,목동5단지,349
350,명동성당,350
351,광진교북단,351
352,시흥대교 서단(광명),352
353,워커힐입구,353
354,성산대교남단,354
355,선릉역,355
356,월계역입구,356
357,복정교차로,357
358,풍납사거리,358
359,관악구청,359
360,뉴코아백화점,360
361,온곡초교,361
362,녹사평역,362
363,종로보건소앞,363
364,광평교,364
365,과학수사연구소입구,365
366,함지박사거리,366
367,성산진입램프(내부순환로),367
368,신대방삼거리역,368
369,위례별초교,369
370,염천교,370
371,내방역,371
372,문래역,372
373,박가네생고기,373
374,고덕역,374
375,북가좌초교사거리,375
376,방화역,376
377,은행사거리,377
378,잠실새내역,378
379,거여역,379
380,사직공원,380
381,일영송추사거리,381
382,청원초교,382
383,와산교,383
384,한천교,384
385,신창제일교회,385
386,한국수출입은행,386
387,동명근린공원,387
388,미주아파트앞,388
389,망우역,389
390,이화교동단,390
391,디지털미디어시티입구,391
392,답십리1동,392
393,원효대교북단,393
394,명지대입구,394
395,동부제강입구,395
396,방학중학교,396
397,토평삼거리,397
398,서이초교,398
399,용산전자상가,399
400,성수대교북단,400
401,시계(수색로),401
402,중화초교,402
403,YTN미디어 센터,403
404,일원터널,404
405,공릉터널,405
406,양천문화회관공영주차장,406
407,문래동남성아파트,407
408,통일로고양시계,408
409,명동입구,409
410,이마트,410
411,정릉입구,411
412,반포주공아파트(올림픽대로),412
413,개화동로진입(올림픽대로),413
414,공진초중교,414
415,신설동역,415
416,상수진출입(강변북로),416
417,영문초교,417
418,성산분기점(내부순환로),418
419,신방화역,419
420,한국전력강서지점,420
421,대치동우성아파트,421
422,목동8단지아파트,422
423,목동9단지,423
424,수산트리플아파트,424
425,중계지하차도,425
426,은평터널삼거리,426
427,내곡터널성남시계,427
428,부동산,428
429,창천동삼거리,429
430,수색역,430
431,서울지방경찰청,431
432,청담사거리,432
433,상계근린공원,433
434,장한평역,434
435,영동4교,435
436,정곡초교,436
437,봉천터널입구부,437
438,한국건설생활환경시험연구원,438
439,방화대교남단(88JC),439
440,롯데알미늄,440
441,구의고가차도,441
442,중앙대학교,442
443,신촌로터리,443
444,강일IC서측(올림픽대로),444
445,난지도종합처리,445
446,사천교동측,446
447,서울시체육회,447
448,도봉보건소,448
449,서울시립대앞,449
450,강동고교입구,450
451,e-테크벨리오피스텔,451
452,싸리고개공원입구,452
453,구의시장,453
454,창림초교,454
455,상계초교입구,455
456,노원경찰서,456
457,을지로3가,457
458,장지동사무소,458
459,동양미래대학,459
460,서울교남단,460
461,신동아아파트,461
462,개봉1동사거리,462
463,봉화산역,463
464,동부간선도로강변북로분기점,464
465,신림2교,465
466,브라운스톤암사,466
467,우이초등학교,467
468,서교동주민센터,468
469,개포2동주민센터,469
470,서강대앞,470
471,광진교남단,471
472,청담대교남단,472
473,구로현대로얄아파트,473
474,마장동주민센터,474
475,시계(서오릉로),475
476,난지천공원입구,476
477,위례22단지,477
478,르네스병원,478
479,관악우체국,479
480,제기동역,480
481,이화사거리,481
482,영동2교북단,482
483,우이초등교앞,483
484,한남IC,484
485,신도림고가차도(북측),485
486,장안동사거리,486
487,양천문화회관,487
488,한일유앤아이앞,488
489,관악터널입구부,489
490,옥수역,490
491,주공14단지아파트,491
492,여의도지구대,492
493,금천구청역삼거리,493
494,용산등기소,494
495,중랑소방서,495
496,외대앞역,496
497,목동2.3단지,497
498,사당역,498
499,영동6교,499
500,금호동벽산아파트삼거리,500
501,신교동교차로,501
502,수출의다리,502
503,동서울호텔,503
504,시립동부병원앞,504
505,미아리고개,505
506,남부터미널역,506
507,용마사거리,507
508,양강중교앞,508
509,한산초교,509
510,신한은행방학지점,510
511,노원성당,511
512,선유중고교,512
513,국방연구원,513
514,노원교(서단),514
515,목동10-12단지,515
516,서울숲입구,516
517,길동사거리앞,517
518,월릉IC(북부간선도로),518
519,응봉교,519
520,고덕공무원아파트,520
521,이대역,521
522,대청역,522
523,청한빌라앞,523
524,등촌1-10단지,524
525,국민일보,525
526,대치역,526
527,광장사거리,527
528,오금사거리,528
529,을지로3가역,529
530,봉천터널출구부,530
531,효창공원,531
532,한림고등학교,532
533,돈암1동주민센터,533
534,국립4.19묘지,534
535,홍파초교,535
536,강변북로구리시계,536
537,중계주공4ㆍ5단지,537
538,안암역,538
539,광진구-성동구경계(5),539
540,강변역,540
541,탄천교,541
542,관악터널중간부,542
543,서부트럭터미널,543
544,구로디지털단지역,544
545,서교가든,545
546,신상도초교,546
547,기아대교앞,547
548,문래중교,548
549,화곡사거리,549
550,88체육관,550
551,아트빌,551
552,수서경찰서,552
553,도곡역,553
554,전동중교앞,554
555,보훈병원입구,555
556,오금역,556
557,일진빌딩,557
558,은행나무사거리,558
559,한남IC서측(설악아파트),559
560,마장2교,560
561,관악구-동작구경계(1),561
562,서래마을입구,562
563,쌍문3파출소,563
564,장위초교,564
565,청계4가,565
566,전농1동,566
567,반포역,567
568,미성아파트앞,568
569,한티역,569
570,종로구청입구,570
571,KT연구개발본부,571
572,홈플러스중계점,572
573,종합운동장JC,573
574,동부간선올림픽대로진출,574
575,신도림역입구,575
576,여의교남단,576
577,대한지적공사앞,577
578,국민은행장위동지점,578
579,고척교,579
580,연희삼거리,580
581,남부교육청앞,581
582,서울놀이마당앞,582
583,강서구청별관입구,583
584,고려대보건과학대학,584
585,상일동동아아파트입구,585
586,노량진배수지교차로,586
587,상계11-13단지,587
588,양화대교남단,588
589,석계고가차도(동측),589
590,강북경찰서,590
591,노량진역,591
592,고덕근린공원,592
593,경기고교앞,593
594,보광청화아파트,594
595,일원1동주민센터앞,595
596,계남공원,596
597,시흥대교교차로,597
598,망원정사거리,598
599,오금교동측,599
600,탄천1교서측,600
601,길동생태공원,601
602,경동초교입구,602
603,압구정역,603
604,용산가족공원,604
605,삼표레미콘,605
606,동대문디자인플라자,606
607,한강대교북단,607
608,청량리역,608
609,용동초교,609
610,홍익병원앞,610
611,독산동남문종합시장,611
612,농협창동유통센타,612
613,노을공원,613
614,신월사거리,614
615,영등포구청,615
616,시흥벽산아파트,616
617,가좌삼거리,617
618,재동초등학교앞,618
619,도시철도공사,619
620,장지터널(서측),620
621,서울성모병원,621
622,경동시장,622
623,원일빌딩,623
624,공릉신명아파트,624
625,선사초교,625
626,중고재활용센타,626
627,길음교,627
628,휘경2동주민센터,628
629,양재IC북측,629
630,한강대교남단교차로,630
631,방배황실자이아파트,631
632,성수대교북단램프(강변북로),632
633,공덕시장,633
634,낙성대역,634
635,굽은다리역,635
636,방화사거리,636
637,도선사거리,637
638,가로공원로부천시계,638
639,중계역,639
640,창덕궁,640
641,한국거래소,641
642,한남역,642
643,미타사입구,643
644,청계8가,644
645,관악터널출구부,645
646,불광중학교,646
647,진도빌딩,647
648,월계주유소,648
649,구세군회관,649
650,둔촌고교,650
651,힐튼,651
652,금천우체국,652
653,정부중앙청사별관,653
654,신수동사거리,654
655,덕은교,655
656,양화대교남단교차로,656
657,서부병원앞,657
658,망원우체국,658
659,동현초교,659
660,국립극장,660
661,봉천터널중간부,661
662,목동교동단,662
663,재정관리단앞,663
664,남영역,664
665,워베스빌앞,665
666,온수골사거리,666
667,천동초교입구,667
668,유엔미아파트,668
669,양천세무서앞,669
670,신사동주민센터입구,670
671,목동12-13단지,671
672,대진여고,672
673,마곡역,673
674,청암노인요양원,674
675,응봉삼거리,675
676,방배삼호아파트,676
677,천호대교남단,677
678,강남역,678
679,을지로5가,679
680,상수동사거리,680
681,석수역,681
682,중랑교서측,682
683,개롱역,683
684,성동구-동대문구경계(5),684
685,정동사거리,685
686,창원초교,686
687,교육개발원입구,687
688,동부시장,688
689,우성아파트,689
690,교대입구,690
691,대흥역,691
692,상계2-6단지,692
693,퇴계로5가,693
694,강동성심병원,694
695,구룡삼거리,695
696,전농119안전센터,696
697,송례초교,697
698,목동1.2단지,698
699,월촌중학교,699
700,이문동삼거리,700
701,북한산관리공단입구,701
702,구산역,702
703,보광동주민센터,703
704,이경시장삼거리,704
705,양재IC2,705
706,영동1교북단,706
707,신월IC서측(남부순환로양재진출),707
708,정의여중입구,708
709,무궁화동산,709
710,매봉역,710
711,충무로역,711
712,오금교서측,712
713,강일5.7단지,713
714,디지털1단지,714
715,사직단,715
716,학동사거리,716
717,여의도환승센터,717
718,은평여성인력개발센터,718
719,문정3차대우아파트,719
720,삼산교회,720
721,을지로1가,721
722,수출입은행뒤,722
723,청계2가,723
724,신월문하체육센터,724
725,서대문구청,725
726,장안지하차도,726
727,성산2교,727
728,베네스트아파트,728
729,부품상가삼거리,729
730,종로구청,730
731,이경지구대,731
732,봉영여중목동고,732
733,중랑교동측,733
734,달래네고개,734
735,방천시장입구,735
736,면곡시장,736
737,태릉시장,737
738,경문고교,738
739,송파세무서,739
740,미림여고입구,740
741,상봉역,741
742,문래동신안인스빌,742
743,동서울터미널 동측,743
744,성동구치소,744
745,은마아파트입구,745
746,보문역,746
747,광장중교지하차도,747
748,행주대교고양시계,748
749,자곡사거리,749
750,유원강변아파트,750
751,청계9가,751
752,당서초교,752
753,외발산사거리,753
754,동원사거리,754
755,독산한신아파트,755
756,수락산역,756
757,한강시민공원양화지구,757
758,개나리아파트,758
759,올림픽선수촌아파트,759
760,송파소방서,760
761,면목2동사거리,761
762,종로2가,762
763,한성대입구역,763
764,문현고등학교,764
765,한남오거리,765
766,면목교,766
767,포스코사거리,767
768,동대문역사문화공원역,768
769,개롱근린공원,769
770,명일여고앞,770
771,서대문구청앞,771
772,대모산입구역,772
773,봉림교,773
774,차관아파트,774
775,정외과의원,775
776,성수대교남단교차로,776
777,장지역,777
778,서라벌고교,778
779,상계초교,779
780,월드컵파크12단지,780
781,올림픽대교남단교차로,781
782,금호사거리,782
783,난곡우체국앞,783
784,강남구-송파구경계,784
785,개포시립도서관입구,785
786,하계현대아파트,786
787,행주대교남단교차로,787
788,거리공원오거리,788
789,방송회관,789
790,적선현대빌딩,790
791,세곡동사거리,791
792,광교,792
793,구로구-영등포구경계(5),793
794,용산고교,794
795,KT중랑지점,795
796,장평교서측,796
797,성신여대입구역,797
798,도림사거리,798
799,만리시장,799
800,성북세무서,800
801,성북동서울아파트,801
802,중랑초교,802
803,월릉교서측,803
804,의원회관앞,804
805,미래초교_거리공원길_진,805
806,양화대교북단,806
807,경복궁역,807
808,올림픽공원,808
809,거리공원_거리공원길_진,809
810,강동구청,810
811,신사역,811
812,경복아파트,812
813,화양삼거리,813
814,당인리발전소,814
815,고척2파출소앞,815
816,대방천사거리,816
817,무지개아파트,817
818,여의중고교앞,818
819,제각말아파트,819
820,동아아파트앞,820
821,가양대교북단,821
822,삼호가든사거리,822
823,장곡초교,823
824,혜원사거리,824
825,청계7가,825
826,위례1지하차도,826
827,먹골역입구,827
828,철산대교(동단),828
829,원효대교남단,829
830,양재초교교차로,830
831,대명초교입구,831
832,능산삼거리,832
833,상계10동주민센터,833
834,크라운호텔,834
835,현대시장,835
836,궁동삼거리,836
837,여의도국민은행,837
838,아시아선수촌아파트,838
839,신길주유소,839
840,아차산로 서울구리시계,840
841,개봉지하차도,841
842,도화우성아파트입구,842
843,마이크로오피스앞,843
844,목동극동아파트,844
845,중랑교,845
846,문정중학교,846
847,자양사거리,847
848,암사역,848
849,청계3가,849
850,도봉문화정보센터,850
851,양천구청,851
852,강서면허시험장삼거리,852
853,신림우방아파트,853
854,중암교,854
855,상봉지하차도,855
856,황학사거리,856
857,보라매역,857
858,산업안전협회,858
859,장충체육관,859
860,선사사거리,860
861,강남구청역,861
862,양재역,862
863,한양공고앞,863
864,디지털3단지,864
865,CBS방송국,865
866,논골사거리,866
867,뚝도아리정수센터,867
868,하월곡램프(북부간선도로),868
869,서빙고동주민센터,869
870,천호동공원,870
871,경일초교,871
872,휘문고교,872
873,잠실대교북단교차로,873
874,행당동한진아파트,874
875,독산3동주민센터,875
876,남영삼거리,876
877,당산역(노들로),877
878,원효동산호아파트,878
879,신내IC,879
880,서초터널중간부,880
881,암사역입구(올림픽대로),881
882,서울-하남 경계,882
883,성동JC,883
884,둔촌사거리,884
885,이화우성아파트,885
886,청계6가,886
887,강북구민운동장,887
888,경성고교입구,888
889,전자상가입구,889
890,영동3교(남단),890
891,조계사앞,891
892,시립구로도서관,892
893,남부순환로탄천IC합류,893
894,가양아파트,894
895,박미삼거리,895
896,퇴계로4가,896
897,석관중학교후문,897
898,강월초교,898
899,성내천로성남시계,899
900,배재중학교,900
901,대치사거리,901
902,공항시장역,902
903,덕수프라자,903
904,학동역,904
905,신정7동주민센터,905
906,상일동역(고덕우체국),906
907,서대문역,907
908,구로구청구의회,908
909,용문시장,909
910,화곡터널북단,910
911,박석고개,911
912,신림1교,912
913,새솔금호아파트,913
914,염곡사거리,914
915,하안남초교삼거리,915
916,양재IC서측,916
917,을지로4가,917
918,대조불광시장,918
919,농업기술진흥관,919
920,신석초교,920
921,뚝섬역,921
922,문화촌현대아파트,922
923,성산1교,923
924,독립문역,924
925,아현역,925
926,광흥창역,926
927,구로IC,927
928,월드컵파크7단지,928
929,남가좌동사거리,929
930,외발산동,930
931,수유5동사무소,931
932,서초3동사거리,932
933,구반포역,933
934,우신중고교입구,934
935,방아삼거리,935
936,서초IC남측,936
937,상암월드컵아파트,937
938,우이교,938
939,수색교,939
940,곰달래사거리,940
941,양동초교입구,941
942,망우사거리,942
943,고덕시영아파트,943
944,공덕동자치회관별관,944
945,진흥아파트,945
946,거여삼거리,946
947,삼청공원입구,947
948,한강중교앞,948
949,목동10단지,949
950,하계5.6단지,950
951,신월IC,951
952,연남동사거리,952
953,태진운수,953
954,광운초교앞,954
955,반포IC북측사평대로진출,955
956,당고개입구오거리,956
957,청구역,957
958,한국전력동부지점,958
959,양재IC동측,959
960,청담IC,960
961,흑석역,961
962,녹천지하보차도,962
963,장지터널(동측),963
964,탄천IC진입(동부간선도로),964
965,시계(호암로),965
966,강동성심병원교차로,966
967,동대문역사문화공원입구,967
968,중랑교(중랑로터리),968
969,마곡역1번출구,969
970,우림시장,970
971,광명대교,971
972,아카데미하우스,972
973,무학여고앞,973
974,명보사거리,974
975,강변북로마포-서강,975
976,창신역,976
977,대영초교,977
978,새문안교회,978
979,고덕초교,979
980,여의도공원서,980
981,원광초교,981
982,뚝섬한강시민공원,982
983,은천로입구,983
984,성수대교남단,984
985,방학동새마을금고,985
986,다문화복지센터,986
987,삼익그린아파트,987
988,방학역,988
989,응암시장,989
990,불광역,990
991,안암오거리,991
992,광명고가차도(북측),992
993,방배역,993
994,마곡역1번출구앞,994
995,마포구청,995
996,봉은교,996
997,성서초교,997
998,강서구청입구,998
999,원자력병원입구,999
1000,서울시설공단,1000
1001,상계중학교,1001
1002,동작현대아파트유한양행,1002
1003,상계14-16단지,1003
1004,흑석2동신한은행_흑석로,1004
1005,오류고교,1005
1006,성북구민회관입구,1006
1007,만능카종합공업사,1007
1008,방화2단지,1008
1009,떡전교사거리,1009
1010,숙대입구,1010
1011,압구정로데오역,1011
1012,삼도오피스텔,1012
1013,목5동성당,1013
1014,고속터미널역,1014
1015,천호시장,1015
1016,화랑대역,1016
1017,이촌대림아파트(강변북로),1017
1018,광진교북단교차로,1018
1019,용곡삼거리,1019
1020,서서울호수공원앞,1020
1021,서울역(서부),1021
1022,양천향교역,1022
1023,이촌동두산위브,1023
1024,경춘북로구리시계,1024
1025,연희IC,1025
1026,서초삼호아파트,1026
1027,문래동KT&G,1027
1028,기상청입구,1028
1029,종암사거리,1029
1030,선정릉역,1030
1031,월드컵공원,1031
1032,구파발역입구,1032
1033,번동사거리,1033
1034,용비교동측,1034
1035,신도림고가차도앞,1035
1036,양천구의회,1036
1037,여의도(서울교),1037
1038,성북트리즘빌딩,1038
1039,신길삼거리,1039
1040,시티월드앞,1040
1041,먹골역,1041
1042,김포공항입구,1042
1043,광장힐스테이트아파트,1043
1044,DMC첨단산업센터,1044
1045,쌍문초교,1045
1046,거여동사거리,1046
1047,대아아파트앞,1047
1048,백범광장,1048
1049,유수지주차장,1049
1050,하계역,1050
1051,봉원고가차도,1051
1052,학여울역,1052
1053,청계5가,1053
1054,대림공원,1054
1055,공릉파출소,1055
1056,대림삼거리,1056
1057,증산교,1057
1058,연촌초교,1058
1059,KT목동빌딩,1059
1060,개봉사거리,1060
1061,방이초교,1061
1062,도화현대아파트,1062
1063,오목교서측,1063
1064,방화5단지교차로,1064
1065,고덕주공3단지,1065
1066,한국은행앞,1066
1067,오류동삼거리,1067
1068,창전사거리,1068
1069,노원구민체육센터,1069
1070,홍제램프(내부순환로),1070
1071,신사지하차도,1071
1072,성원아파트앞,1072
1073,충정로역,1073
1074,월드컵파크6단지,1074
1075,방이삼거리,1075
1076,장위동원천주유소,1076
1077,고대앞사거리,1077
1078,낙원상가,1078
1079,연신초교삼거리,1079
1080,강남을지병원,1080
1081,홍제삼거리,1081
1082,한국방송공사앞,1082
1083,구룡터널,1083
1084,양평교,1084
1085,중구청,1085
1086,삼익세라믹아파트,1086
1087,용비어천가,1087
1088,청계6가앞,1088
1089,대림시장,1089
1090,영등포유통상가,1090
1091,영등포 푸르지오,1091
1092,옥정중학교,1092
1093,고려대역교차로,1093
1094,한신청구아파트앞,1094
1095,구룡초교,1095
1096,녹천교,1096
1097,삼양동사거리,1097
1098,서초구립반포도서관,1098
1099,고속터미널,1099
1100,서울이동통신,1100
1101,우신초교앞,1101
1102,금남시장,1102
1103,신답육교,1103
1104,대명초교,1104
1105,문덕초교,1105
1106,가양역,1106
1107,청량리교회,1107
1108,상왕십리역,1108
1109,올림픽공원남4문,1109
1110,독산역,1110
1111,SBS방송센터,1111
1112,영동3교,1112
1113,양화진성지,1113
1114,남산도서관,1114
1115,마포농수산물시장,1115
1116,양천공원,1116
1117,상원삼거리,1117
1118,역사박물관,1118
1119,용강동주민센터,1119
1120,노량진삼거리,1120
1121,제일기획,1121
1122,이태원역,1122
1123,석계역,1123
1124,남부순환로탄천IC진입,1124
1125,선유도역,1125
1126,생명의전화,1126
1127,배봉초교,1127
1128,신림초교,1128
1129,올림픽파크텔앞,1129
1130,현대백화점인재개발원,1130
1131,동교동삼거리,1131
1132,태영데시앙아파트,1132
1133,도산공원,1133
1134,도봉한신아파트,1134
1135,중계그린아파트,1135
1136,청담공원앞,1136
1137,중화역입구대원사약국,1137
1138,동호대교남단,1138
1139,창1동주민센터,1139
1140,성균관대입구,1140
1141,노원구민회관,1141
1142,쌍마빌딩,1142
1143,경인고속입구,1143
1144,성북경찰서앞,1144
1145,삼희아파트,1145
1146,성산초교앞,1146
1147,묵동성심의원,1147
1148,구로역,1148
1149,논현역,1149
1150,숭미초교,1150
1151,개포3.4단지,1151
1152,대림사거리,1152
1153,SG타워아파트,1153
1154,서대문세무서(별관),1154
1155,영휘원,1155
1156,길음램프(내부순환로),1156
1157,성원아파트,1157
1158,비전프라자,1158
1159,구로거리공원동,1159
1160,노원교,1160
1161,광남중고교입구,1161
1162,선암UD,1162
1163,이수교차로,1163
1164,순복음교회,1164
1165,반포대교남단,1165
1166,동부간선강변북로분기점,1166
1167,썬프라자,1167
1168,방이역,1168
1169,온곡초교입구,1169
1170,모래내지하차도(북측),1170
1171,목동9-10단지,1171
1172,성심의집,1172
1173,봉익동,1173
1174,KT관악지점,1174
1175,시흥사거리,1175
1176,가산디지털단지역(1호선),1176
1177,녹천역입구,1177
1178,시조사삼거리,1178
1179,염창IC,1179
1180,신영동삼거리,1180
1181,금천교교차로,1181
1182,문래동현대6차아파트,1182
1183,공릉라이프아파트,1183
1184,서울역사거리,1184
1185,청운벽산빌리지,1185
1186,종로1가,1186
1187,장평교,1187
1188,국립4.19묘지입구,1188
1189,이대목동병원,1189
1190,신정교서단,1190
1191,어린이대공원역,1191
1192,샘터근린공원,1192
1193,구산사거리,1193
1194,현대3차아파트,1194
1195,미아리고개예술극장,1195
1196,양천도서관,1196
1197,남산3호터널북단,1197
1198,용마터널(서측),1198
1199,내부순환로연결램프(강변북로),1199
1200,잠실역,1200
1201,초이동,1201
1202,응암제2동주민센터,1202
1203,회기역(1번출구),1203
1204,대청초교,1204
1205,반포IC,1205
1206,영등포구청역,1206
1207,발산역,1207
1208,벌말로김포시계,1208
1209,동명여고,1209
1210,수암초교앞,1210
1211,아차산역,1211
1212,중동초교앞,1212
1213,신진빌딩,1213
1214,한천중학교,1214
1215,흑석2동신한은행,1215
1216,망원동진출입(강변북로),1216
1217,성내유수지체육공원,1217
1218,수유역,1218
1219,연대세브란스병원,1219
1220,용암초등학교,1220
1221,구로전화국,1221
1222,합정역,1222
1223,목동현대아파트,1223
1224,중림동입구,1224
1225,금천IC,1225
1226,홍연2교동측,1226
1227,도봉운전면허시험장,1227
1228,당현2교,1228
1229,관악터널입구,1229
1230,도림고가차도(남측),1230
1231,삼흥자동차공업사,1231
1232,염창역,1232
1233,시계(도봉로),1233
1234,북악골프연습장,1234
1235,석관지구대,1235
1236,역삼초교,1236
1237,잠실주공1단지,1237
1238,래미안아트힐,1238
1239,가락시장역,1239
1240,당산역,1240
1241,용두동사거리,1241
1242,번동주공3단지,1242
1243,묘곡초교,1243
1244,김포공항,1244
1245,잠실유수지,1245
1246,디지털3단지월드벤쳐센터,1246
1247,동작대교북단,1247
1248,효령아파트,1248
1249,내부순환로입구교차로,1249
1250,가양초교앞,1250
1251,동일초교(동부간선도로),1251
1252,낙성대입구,1252
1253,법원검찰청,1253
1254,목동13-14단지,1254
1255,서울혁신파크교차로,1255
1256,호암길삼거리,1256
1257,국기원앞,1257
1258,국립현충원,1258
1259,여의상류IC,1259
1260,서울시-하남시경계,1260
1261,홍남교북측,1261
1262,목동부영그린타운,1262
1263,마포구청역,1263
1264,행주대교남단(개화IC),1264
1265,광산사거리,1265
1266,삼성테마트,1266
1267,상일IC동측,1267
1268,성산대교남단교차로,1268
1269,녹번역,1269
1270,상일IC서측,1270
1271,갈산초교삼거리,1271
1272,강남면허시험장,1272
1273,역촌역,1273
1274,월드컵대교북단,1274
1275,노원문화원,1275
1276,방신종합시장입구,1276
1277,올림픽공원북1문,1277
1278,어린이교통공원,1278
1279,문정시영아파트,1279
1280,상도대림아파트,1280
1281,3공단파출소,1281
1282,등촌역,1282
1283,번창교,1283
1284,디지털미디어시티,1284
1285,정동제일교회,1285
1286,은평공영차고지,1286
1287,흥인지문,1287
1288,서빙고신동아아파트,1288
1289,독산4동,1289
1290,광진우체국,1290
1291,위례파출소,1291
1292,중동교,1292
1293,송파한양아파트,1293
1294,연희지하차도,1294
1295,신림현대아파트,1295
1296,성산고가차도,1296
1297,목동현대하이페리온,1297
1298,탄천유수지,1298
1299,증산역,1299
1300,중원중학교,1300
1301,봉화삼거리,1301
1302,목동주차장,1302
1303,보라매공원(동문),1303
1304,성북초교앞,1304
1305,용산역앞,1305
1306,가양IC,1306
1307,강서공고앞,1307
1308,잠실진주아파트,1308
1309,국제화랑,1309
1310,한남IC동측,1310
1311,한강공원광나루지구,1311
1312,동서울터미널 서측,1312
1313,동부간선도로-월계로램프(8),1313
1314,삼환아파트,1314
1315,목동산돌교회,1315
1316,구로IC_가마산길_진입_1,1316
1317,서울두산초교,1317
1318,차병원,1318
1319,사러가시장앞,1319
1320,상일초교,1320
1321,평화의공원입구삼거리,1321
1322,증산3교동측,1322
1323,봉화환승주차장,1323
1324,원남동사거리,1324
1325,양천소방서,1325
1326,영동대교남단,1326
1327,신정네거리역,1327
1328,현대시장입구,1328
1329,성동세무서,1329
1330,선암영업소,1330
1331,문래동사거리,1331
1332,천왕역,1332
1333,윤중중교앞,1333
1334,통인시장,1334
1335,월드컵파크2단지,1335
1336,개포동역,1336
1337,문정초교,1337
1338,신답초교,1338
1339,신구로주유소_거리공원,1339
1340,웨스턴조선호텔,1340
1341,목동체육공원,1341
1342,송파구청,1342
1343,가락시장사거리,1343
1344,봉국사,1344
1345,화양사거리,1345
1346,돌곶이역,1346
1347,강서나누리병원,1347
1348,월촌초교앞,1348
1349,대방지하차도(남측),1349
1350,동부간선도로-강변북로램프(16),1350
1351,공릉동부아파트,1351
1352,한남대교남단,1352
1353,불광지구대,1353
1354,경희대학교앞,1354
1355,건대입구역,1355
1356,삼성서울병원,1356
1357,오목교역,1357
1358,디지털단지입구,1358
1359,코리아웨딩홀,1359
1360,삼각지역,1360
1361,신가초교앞,1361
1362,상수도사업본부,1362
1363,시청앞광장,1363
1364,중앙대학교병원,1364
1365,오류IC,1365
1366,불암초교,1366
1367,영등포역,1367
1368,금천교남단,1368
1369,올림픽대로동부간선분기점,1369
1370,은평구청입구,1370
1371,신도림역,1371
1372,당곡사거리,1372
1373,답십리근린생활시설,1373
1374,오류고가차도남측,1374
1375,화곡터널남단,1375
1376,송정역,1376
1377,삼육서울병원앞,1377
1378,신도봉사거리,1378
1379,도동삼거리,1379
1380,사가정역,1380
1381,고대구로병원,1381
1382,오장동사거리,1382
1383,월곡역입구,1383
1384,서울교대,1384
1385,보광동사거리,1385
1386,공무원연금매점,1386
1387,스카이뷰아파트,1387
1388,국민생활관,1388
1389,노원구청(동부간선도로),1389
1390,아리랑고개,1390
1391,대림역,1391
1392,숭미파출소,1392
1393,안양교,1393
1394,구로자이나인스에비뉴,1394
1395,고덕1동주민센터,1395
1396,청암고교,1396
1397,수유1동주민센터,1397
1398,난지IC(강변북로),1398
1399,뱅뱅사거리,1399
1400,개봉교사거리,1400
1401,동부제일병원,1401
1402,답심리삼거리,1402
1403,치과의사회관앞,1403
1404,전농동사거리,1404
1405,중곡1동사거리,1405
1406,서초IC북측남부순환진출,1406
1407,흥인사거리,1407
1408,시범아파트앞,1408
1409,창문여고앞,1409
1410,용마한신아파트,1410
1411,태릉입구역,1411
1412,남부순환로서초IC동측,1412
1413,E-마트,1413
1414,천호대교북단,1414
1415,용마T/G,1415
1416,양재시민의숲역,1416
1417,석촌역,1417
1418,가양9단지,1418
1419,안암동주민센터,1419
1420,현대백화점목동점,1420
1421,잠실철교남단,1421
1422,배재고교,1422
1423,효자삼거리,1423
1424,고덕삼환아파트,1424
1425,고대앞삼거리,1425
1426,롯데백화점관악점,1426
1427,북부검찰청입구,1427
1428,상수역,1428
1429,인덕대학입구,1429
1430,상계주공3단지(동부간선도로),1430
1431,영등포전화국,1431
1432,가산디지털단지역(7호선),1432
1433,건영아파트앞,1433
1434,산울림소극장,1434
1435,창동운동장,1435
1436,우면삼거리,1436
1437,서울남부지방법원,1437
1438,양평동사거리,1438
1439,동대문경찰서,1439
1440,목동2단지,1440
1441,창동고등학교,1441
1442,미아역,1442
1443,한강시민공원이촌지구,1443
1444,정부서울청사,1444
1445,양지근린공원,1445
1446,이문대림아파트,1446
1447,답십리5지구대,1447
1448,영등포로터리,1448
1449,묵동극동늘푸른아파트,1449
1450,장지교차로(동부간선도로),1450
1451,상계백병원,1451
1452,서초터널출구부,1452
1453,목동성운빌딩,1453
1454,동작대교JC,1454
1455,연세대,1455
1456,잠실파크리오아파트,1456
1457,배명사거리,1457
1458,과천대로과천시계,1458
1459,노해근린공원,1459
1460,강북보건소,1460
1461,선덕고교입구,1461
1462,고덕천.능곡교교차로,1462
1463,아차산역(하이마트),1463
1464,대진고교앞,1464
1465,압구정한양아파트,1465
1466,노원우체국,1466
1467,목동대원칸타빌3단지,1467
1468,연희램프(내부순환로),1468
1469,마천로성남시계,1469
1470,광희문,1470
1471,종암JC,1471
1472,올림픽공원북2문,1472
1473,신사동고개,1473
1474,서하남IC입구,1474
1475,동부간선도로-월계로램프(1),1475
1476,국민대학교앞,1476
1477,광장자이아파트,1477
1478,천일초교,1478
1479,경부고속도로(만남의광장),1479
1480,용마루고개,1480
1481,강변북로고양시계,1481
1482,올림픽훼밀리타운,1482
1483,서울사대부고앞,1483
1484,팔판동삼거리,1484
1485,한강대교북단교차로,1485
1486,국립재활원,1486
1487,금천교,1487
1488,방화2동상사마을입구,1488
1489,국민은행성수동지점,1489
1490,구로거리공원서,1490
1491,월정초교앞,1491
1492,송파공고앞,1492
1493,성바오로병원,1493
1494,신세계백화점영등포점,1494
1495,마포대교남단,1495
1496,상도터널,1496
1497,시계(우면산로),1497
1498,국악고교입구,1498
1499,올림픽대로 서울강동-경기하남,1499
1500,등촌지하차도,1500
1501,이수역,1501
1502,청계광장,1502
1503,면목사거리,1503
1504,왕십리역,1504
1505,목5동주민센터,1505
1506,열병합발전소,1506
1507,방이동고분군,1507
1508,신림역,1508
1509,오목지하차도(동단),1509
1510,삿갓봉근린공원,1510
1511,도봉경찰서,1511
1512,여의지하차도북단,1512
1513,종로5가,1513
1514,신창교,1514
1515,석관동새마을금고,1515
1516,세종대로사거리,1516
1517,서울메트로,1517
1518,촬영소사거리,1518
1519,북가좌삼거리,1519
1520,공릉지하차도(남측),1520
1521,서초역,1521
1522,광운대입구,1522
1523,성모병원앞,1523
1524,연신내역,1524
1525,복정역,1525
1526,국립재활원앞,1526
1527,우이제3교(북단),1527
1528,상월곡역,1528
1529,강동구-하남시경계,1529
1530,한신빌딩,1530
1531,영남교회,1531
1532,올림픽공원남2문,1532
1533,가양3단지,1533
1534,관악고교,1534
1535,신도림역테크노마트,1535
1536,대방교,1536
1537,윤중초교앞,1537
1538,목동10단지상가,1538
1539,NC백화점,1539
1540,목동성당,1540
1541,잠실학원사거리,1541
1542,삼청동주민센터,1542
1543,양화교,1543
1544,금호역,1544
1545,마장램프(내부순환로),1545
1546,이촌로강변북로진입,1546
1547,구로디지털3단지운동장,1547
1548,목동3-4단지,1548
1549,종로4가,1549
1550,서울종합운동장,1550
1551,중계본동종점,1551
1552,묵동IC(북부간선도로),1552
1553,고척동우체국,1553
1554,신촌기차역입구,1554
1555,덕수궁,1555
1556,퇴계로2가,1556
1557,삼각지고가차도(서측),1557
1558,신동초교,1558
1559,경동고교입구,1559
1560,연남치안센터,1560
1561,상일IC입구,1561
1562,도곡1동주민센터,1562
1563,중곡3동우편취급국,1563
1564,남산1호터널북단,1564
1565,서울선곡초교,1565
1566,대우드림빌앞,1566
1567,군자역,1567
1568,시흥IC,1568
1569,밤고개로성남시계,1569
1570,금천영업소,1570
1571,말미사거리,1571
1572,광명교,1572
1573,신양초교,1573
1574,신정로부천시계,1574
1575,신방화사거리,1575
1576,월드컵파크3단지,1576
1577,구룡사앞,1577
1578,삼천리아파트,1578
1579,올림픽회관,1579
1580,석관중학교,1580
1581,예술의전당,1581
1582,마포우체국,1582
1583,풍납갑을아파트,1583
1584,한영중고교앞,1584
1585,오목공원,1585
1586,서울역사박물관,1586
1587,강북구선거관리위윈회,1587
1588,가양대교남단,1588
1589,휘경여중고,1589
1590,신명초교입구,1590
1591,목동중학교,1591
1592,우장산역,1592
1593,국가인권위원회,1593
1594,구로2동주민센터,1594
1595,사당5동주민센터,1595
1596,삼성역,1596
1597,경찰병원,1597
1598,중랑공영차고지,1598
1599,해군회관앞,1599
1600,군자교동단,1600
1601,한남대교북단,1601
1602,월곡램프(내부순환로),1602
1603,당산중교,1603
1604,대성병원,1604
1605,서울세관,1605
1606,오류고가차도,1606
1607,상봉역(7호선),1607
1608,을지로2가,1608
1609,상암사거리,1609
1610,보훈병원,1610
1611,광운대역,1611
1612,갈매교차로,1612
1613,우리은행중화동지점,1613
1614,신자초교입구,1614
1615,수서역,1615
1616,농협입구,1616
1617,숙대입구역,1617
1618,영등포시장역,1618
1619,보문2교,1619
1620,목동근린공원,1620
1621,삼양시장,1621
1622,신목동역,1622
1623,안정운수,1623
1624,기자촌아파트,1624
1625,이화빌라,1625
1626,목동중학교앞,1626
1627,명일역,1627
1628,연가교(서측),1628
1629,풍납종합사회복지관,1629
1630,한천교동측,1630
1631,대방역,1631
1632,동양하이빌,1632
1633,구로온누리아파트,1633
1634,성북파출소,1634
1635,오목교동측,1635
1636,숭실대입구역,1636
1637,녹천교서단,1637
1638,방화2동,1638
1639,코엑스,1639
1640,군자교분기점,1640
1641,목동초교,1641
1642,군자교서단,1642
1643,탄천2교,1643
1644,상계역,1644
1645,등촌동현대아파트,1645
1646,남부순환로서초IC서측,1646
1647,서초고교,1647
1648,신림교,1648
1649,오목지하차도(서단),1649
1650,충암고교,1650
1651,공진초중교교차로,1651
1652,대한병원,1652
1653,매봉터널,1653
1654,KT공항지사,1654
1655,한성빌라,1655
1656,동부기술교육원,1656
1657,가락중고교,1657
1658,마들역,1658
1659,옥수터널,1659
1660,을지병원,1660
1661,위례24단지,1661
1662,여의도역,1662
1663,신대방역,1663
1664,LG사이언스파크,1664
1665,암사IC,1665
1666,목동사거리,1666
1667,외대앞역앞교차로,1667
1668,상암교,1668
1669,청담대교북단,1669
1670,목동교서단,1670
1671,아현교차로,1671
1672,길동사거리,1672
1673,중부경찰서앞,1673
1674,목동5-6단지,1674
1675,모전교,1675
1676,광문고교,1676
1677,도성초교,1677
1678,도봉역,1678
1679,양천우체국,1679
1680,영등포청과시장,1680
1681,풍성중교,1681
1682,중현초교,1682
1683,가리봉동주민센터,1683
1684,한남IC남측,1684
1685,신목중학교,1685
1686,몽촌토성역,1686
1687,개화사거리,1687
1688,서초구청,1688
1689,수유사거리,1689
1690,글샘공원,1690
1691,시청역,1691
1692,토끼굴입구(올림픽대로),1692
1693,사천교서측,1693
1694,잠원동주민센터,1694
1695,목동주경기장,1695
1696,양평역,1696
1697,세종대왕기념관,1697
1698,서울프라자호텔,1698
1699,창전삼거리,1699
1700,모래내지하차도,1700
1701,송파IC(구리방향진입),1701
1702,대림3동사거리,1702
1703,구로고가차도(북측),1703
1704,사근램프(내부순환로본선),1704
1705,교보타워사거리,1705
1706,상암월드컵4단지,1706
1707,KT송파지사,1707
1708,길동생태공원앞,1708
1709,홍지문터널북측,1709
1710,강남경찰서,1710
1711,장위사거리,1711
1712,삼양입구사거리,1712
1713,강서농협,1713
1714,봉천로사거리,1714
1715,교원구로물류센터,1715
1716,묵동교,1716
1717,극동방송국,1717
1718,강북구장애인종합복지관,1718
1719,반포대교북단,1719
1720,배명고교,1720
1721,신내지하차도,1721
1722,서울시립은평병원,1722
1723,천호신사거리,1723
1724,동대문중,1724
1725,답십리사거리,1725
1726,잠실3삼거리,1726
1727,가마산지하차도(남측),1727
1728,2공단사거리,1728
1729,종합운동장,1729
1730,영동세브란스,1730
1731,청계한신휴플러스,1731
1732,월드컵경기장사거리,1732
1733,대흥세양APT,1733
1734,신성아파트,1734
1735,양일초등학교,1735
1736,장안동삼거리,1736
1737,도시개발공사,1737
1738,한신대,1738
1739,마포세무서앞,1739
1740,구룡마을입구,1740
1741,증미역,1741
1742,하얏트호텔,1742
1743,화곡대림아파트,1743
1744,우이3교,1744
1745,CITY극동아파트103동앞,1745
1746,상계교,1746
1747,성북구청입구,1747
1748,홍익대앞,1748
1749,디지털단지오거리,1749
1750,중랑구청사거리,1750
1751,성수중고교,1751
1752,도림고가밑,1752
1753,남성역,1753
1754,서울의료원(봉은교),1754
1755,창동시장입구,1755
1756,원효로진출입(강변북로),1756
1757,초안교,1757
1758,석촌호수(롯데월드),1758
1759,가양3-5단지,1759
1760,동작대교남단,1760
1761,원효로2가,1761
1762,내곡IC,1762
1763,노원역,1763
1764,여의도공원교차로,1764
1765,도신초교앞,1765
1766,동부간선도로수락분기점,1766
1767,주택은행금호동지점,1767
1768,회현사거리,1768
1769,장안교사거리,1769
1770,문정역,1770
1771,암사정수센터,1771
1772,석촌호(서호),1772
1773,르네상스호텔,1773
1774,북서울꿈의숲,1774
1775,영동5교,1775
1776,마포역,1776
1777,봉은초교,1777
1778,안국동사거리,1778
1779,월드컵대교남단,1779
1780,화곡역,1780
1781,서초IC북측,1781
1782,월계2교,1782
1783,동대문구청,1783
1784,금천고가차도,1784
1785,시계(경인로),1785
1786,강서도로사업소,1786
1787,안중근의사기념관,1787
1788,금천육교,1788
1789,약수역,1789
1790,자양초교,1790
1791,성북경찰서,1791
1792,선암IC과천방향합류,1792
1793,노원자동차검사소,1793
1794,석계고가차도(서측),1794
1795,군자동주민센터,1795
1796,동부간선도로-일반국도6호선램프,1796
1797,송파IC(헌릉로진출입),1797
1798,동1로의정부시계,1798
1799,구로한국후지필름,1799
1800,강서면허시험장,1800
1801,천호초교입구,1801
1802,난곡사거리,1802
1803,구의현대아파트,1803
1804,도봉중교,1804
1805,신풍역,1805
1806,한남고가차도남단,1806
1807,건영아파트교차로,1807
1808,제기사거리,1808
1809,구의사거리,1809
1810,서교동사거리,1810
1811,남가좌동새마을금고,1811
1812,영파여중고교,1812
1813,목동7단지,1813
1814,한강공원입구,1814
1815,방화119안전센터,1815
1816,신한은행암사지점,1816
1817,잠실나루역,1817
1818,원효대교진출입고가차도,1818
